Span,Frekvens,Kumulativ frekvens
6.6000000000000005,1,1
6.7,1,2
6.8,1,3
6.800000000000001,2,5
6.999999999999999,1,6
7.0,5,11
7.2,1,12
7.200000000000001,1,13
7.3,3,16
7.300000000000001,3,19
7.4,2,21
7.5,2,23
7.699999999999999,1,24
7.799999999999999,1,25
7.9,1,26
8.0,2,28
8.1,1,29
8.5,1,30
