Subset,alpha,beta,SSE,SE
5_points,[-32.],[3.45],600.0,14.142135623730951
30_points,[-24.36285714],[3.28171429],12611.491428571428,21.222874644196185
